category,sub_category,item,link
Groceries,"Biscuits, Drinks & Packaged Foods",Chips & Namkeens,https://www.jiomart.com/c/groceries/biscuits-drinks-packaged-foods/chips-namkeens/29000?flow=schedule
Groceries,"Biscuits, Drinks & Packaged Foods",Biscuits & Cookies,https://www.jiomart.com/c/groceries/biscuits-drinks-packaged-foods/biscuits-cookies/28998?flow=schedule
Groceries,"Biscuits, Drinks & Packaged Foods",Chocolates & Candies,https://www.jiomart.com/c/groceries/biscuits-drinks-packaged-foods/chocolates-candies/29001?flow=schedule
Groceries,"Biscuits, Drinks & Packaged Foods",Indian Sweets,https://www.jiomart.com/c/groceries/biscuits-drinks-packaged-foods/indian-sweets/29004?flow=schedule
Groceries,"Biscuits, Drinks & Packaged Foods",Drinks & Juices,https://www.jiomart.com/c/groceries/biscuits-drinks-packaged-foods/drinks-juices/29003?flow=schedule
Groceries,"Biscuits, Drinks & Packaged Foods",Breakfast Cereals,https://www.jiomart.com/c/groceries/biscuits-drinks-packaged-foods/breakfast-cereals/28999?flow=schedule
Groceries,"Biscuits, Drinks & Packaged Foods","Noodles, Pasta & Vermicelli",https://www.jiomart.com/c/groceries/biscuits-drinks-packaged-foods/noodles-pasta-vermicelli/29005?flow=schedule
Groceries,"Biscuits, Drinks & Packaged Foods",Ready To Cook & Eat,https://www.jiomart.com/c/groceries/biscuits-drinks-packaged-foods/ready-to-cook-eat/29007?flow=schedule
Groceries,"Biscuits, Drinks & Packaged Foods","Spread, Sauces & Ketchup",https://www.jiomart.com/c/groceries/biscuits-drinks-packaged-foods/spread-sauces-ketchup/29008?flow=schedule
Groceries,"Biscuits, Drinks & Packaged Foods","Pickles, Chutney & Flavouring",https://www.jiomart.com/c/groceries/biscuits-drinks-packaged-foods/pickles-chutney-flavouring/29006?flow=schedule
Groceries,"Biscuits, Drinks & Packaged Foods",Tea & Coffee,https://www.jiomart.com/c/groceries/biscuits-drinks-packaged-foods/tea-coffee/29009?flow=schedule
Groceries,Fruits & Vegetables,Fresh Fruits,https://www.jiomart.com/c/groceries/fruits-vegetables/fresh-fruits/220?flow=schedule
Groceries,Fruits & Vegetables,Basic Vegetables,https://www.jiomart.com/c/groceries/fruits-vegetables/basic-vegetables/28981?flow=schedule
Groceries,Fruits & Vegetables,"Roots, Herbs & Others",https://www.jiomart.com/c/groceries/fruits-vegetables/roots-herbs-others/28982?flow=schedule
Groceries,Fruits & Vegetables,Premium Fruits & Vegetables,https://www.jiomart.com/c/groceries/fruits-vegetables/premium-fruits-vegetables/28983?flow=schedule
Groceries,Cooking Essentials,"Atta, Flours & Sooji",https://www.jiomart.com/c/groceries/cooking-essentials/atta-flours-sooji/28985?flow=schedule
Groceries,Cooking Essentials,Dals & Pulses,https://www.jiomart.com/c/groceries/cooking-essentials/dals-pulses/28986?flow=schedule
Groceries,Cooking Essentials,Rice,https://www.jiomart.com/c/groceries/cooking-essentials/rice/28987?flow=schedule
Groceries,Cooking Essentials,"Sabudana, Poha & Murmura",https://www.jiomart.com/c/groceries/cooking-essentials/sabudana-poha-murmura/28988?flow=schedule
Groceries,Cooking Essentials,Edible Oils,https://www.jiomart.com/c/groceries/cooking-essentials/edible-oils/28989?flow=schedule
Groceries,Cooking Essentials,"Masala, Spices & Mukhwas",https://www.jiomart.com/c/groceries/cooking-essentials/masalas-spices-mukhwas/28990?flow=schedule
Groceries,Cooking Essentials,"Salt, Sugar & Jaggery",https://www.jiomart.com/c/groceries/cooking-essentials/salt-sugar-jaggery/28991?flow=schedule
Groceries,Cooking Essentials,Wheat & Soya,https://www.jiomart.com/c/groceries/cooking-essentials/wheat-soya/28992?flow=schedule
Groceries,Cooking Essentials,Ghee,https://www.jiomart.com/c/groceries/cooking-essentials/ghee/28993?flow=schedule
Groceries,Cooking Essentials,Dry Fruits & Nuts,https://www.jiomart.com/c/groceries/cooking-essentials/dry-fruits-nuts/28994?flow=schedule
Groceries,Cooking Essentials,Millets & Organic,https://www.jiomart.com/c/groceries/cooking-essentials/millets-organic/28995?flow=schedule
Groceries,Cooking Essentials,Combo Offers,https://www.jiomart.com/c/groceries/cooking-essentials/combo-offers/28996?flow=schedule
Groceries,Dairy & Bakery,Milk & Milk Products,https://www.jiomart.com/c/groceries/dairy-bakery/milk-milk-products/29011?flow=schedule
Groceries,Dairy & Bakery,"Cheese, Paneer & Tofu",https://www.jiomart.com/c/groceries/dairy-bakery/cheese-paneer-tofu/29010?flow=schedule
Groceries,Dairy & Bakery,Batter & Chutney,https://www.jiomart.com/c/groceries/dairy-bakery/batter-chutney/407?flow=schedule
Groceries,Dairy & Bakery,Toast & Khari,https://www.jiomart.com/c/groceries/dairy-bakery/toast-khari/102?flow=schedule
Groceries,Dairy & Bakery,Cakes & Muffins,https://www.jiomart.com/c/groceries/dairy-bakery/cakes-muffins/125?flow=schedule
Groceries,Dairy & Bakery,Breads & Chapatis,https://www.jiomart.com/c/groceries/dairy-bakery/breads-and-chapatis/267?flow=schedule
Groceries,Dairy & Bakery,Bakery & Snacks,https://www.jiomart.com/c/groceries/dairy-bakery/baked-cookies/273?flow=schedule
Groceries,Personal Care,Hair Care,https://www.jiomart.com/c/groceries/personal-care/hair-care/92?flow=schedule
Groceries,Personal Care,Bath & Hand Wash,https://www.jiomart.com/c/groceries/personal-care/bath-hand-wash/119?flow=schedule
Groceries,Personal Care,Oral Care,https://www.jiomart.com/c/groceries/personal-care/oral-care/132?flow=schedule
Groceries,Personal Care,Skin Care,https://www.jiomart.com/c/groceries/personal-care/skin-care/122?flow=schedule
Groceries,Personal Care,Feminine Hygiene,https://www.jiomart.com/c/groceries/personal-care/feminine-hygiene/134?flow=schedule
Groceries,Personal Care,Men's Grooming,https://www.jiomart.com/c/groceries/personal-care/men-s-grooming/163?flow=schedule
Groceries,Personal Care,Deo & Fragrances,https://www.jiomart.com/c/groceries/personal-care/deo-fragrances/172?flow=schedule
Groceries,Personal Care,Health & Wellness,https://www.jiomart.com/c/groceries/personal-care/health-wellness/165?flow=schedule
Groceries,Beauty,Face,https://www.jiomart.com/c/groceries/beauty/face/29989?flow=schedule
Groceries,Beauty,Nails & Lips,https://www.jiomart.com/c/groceries/beauty/nails-lips/29991?flow=schedule
Groceries,Beauty,Eyes,https://www.jiomart.com/c/groceries/beauty/eyes/30045?flow=schedule
Groceries,Beauty,Beauty Accessories,https://www.jiomart.com/c/groceries/beauty/beauty-accessories/30011?flow=schedule
Groceries,Mom & Baby Care,Diapers & Wipes,https://www.jiomart.com/c/groceries/mom-baby-care/diapers-wipes/2564?flow=schedule
Groceries,Mom & Baby Care,"Bath, Hygiene & Grooming",https://www.jiomart.com/c/groceries/mom-baby-care/baby-bath-hygiene/2562?flow=schedule
Groceries,Mom & Baby Care,Food & Feeding,https://www.jiomart.com/c/groceries/mom-baby-care/food-feeding/30013?flow=schedule
Groceries,Mom & Baby Care,"Bedding, Toys & Accessories",https://www.jiomart.com/c/groceries/mom-baby-care/bedding-toys-accessories/30012?flow=schedule
Groceries,Mom & Baby Care,Health & Wellness,https://www.jiomart.com/c/groceries/mom-baby-care/health-wellness/2571?flow=schedule
Groceries,Home,Dishwash,https://www.jiomart.com/c/groceries/home-care/dishwash/148?flow=schedule
Groceries,Home,Detergents & Cleaners,https://www.jiomart.com/c/groceries/home-care/detergents-cleaners/29119?flow=schedule
Groceries,Home,Fresheners & Repellents,https://www.jiomart.com/c/groceries/home-care/fresheners-repellents/65?flow=schedule
Groceries,Home,Home & Cleaning Tools,https://www.jiomart.com/c/groceries/home-care/home_cleaning_tools/207?flow=schedule
Groceries,Home,Pooja Needs,https://www.jiomart.com/c/groceries/home-care/pooja-needs/156?flow=schedule
Groceries,Home,Basic Electricals,https://www.jiomart.com/c/groceries/home-care/basic-electricals/30164?flow=schedule
Groceries,Home,Shoe Care,https://www.jiomart.com/c/groceries/home-care/shoe-care/139?flow=schedule
Groceries,Home,Furnishing & Personal Wear,https://www.jiomart.com/c/groceries/home-care/furnishing/276?flow=schedule
Groceries,Home,Bags & Travel Luggage,https://www.jiomart.com/c/groceries/home-care/bags-travel-luggage/304?flow=schedule
Groceries,Home,Furniture,https://www.jiomart.com/c/groceries/home-care/furniture/454?flow=schedule
Groceries,Kitchenware,Cookers & Steamers,https://www.jiomart.com/c/groceries/kitchenware/cookers-steamers/32908?flow=schedule
Groceries,Kitchenware,Gas Stove,https://www.jiomart.com/c/groceries/kitchenware/gas-stove/30007?flow=schedule
Groceries,Kitchenware,Pots & Pans,https://www.jiomart.com/c/groceries/kitchenware/pots-pans/32904?flow=schedule
Groceries,Kitchenware,Containers & Storage,https://www.jiomart.com/c/groceries/kitchenware/containers-storage/30008?flow=schedule
Groceries,Kitchenware,"Flask, Bottle & Tiffin Boxes",https://www.jiomart.com/c/groceries/kitchenware/flask-bottle-tiffin-boxes/30005?flow=schedule
Groceries,Kitchenware,Cutting & Chopping,https://www.jiomart.com/c/groceries/kitchenware/cutting-chopping/30002?flow=schedule
Groceries,Kitchenware,Kitchen Tools,https://www.jiomart.com/c/groceries/kitchenware/kitchen-tools/19696?flow=schedule
Groceries,Kitchenware,Bakeware,https://www.jiomart.com/c/groceries/kitchenware/bakeware/30006?flow=schedule
Groceries,Tableware,Dining,https://www.jiomart.com/c/groceries/tableware/dining/30195?flow=schedule
Groceries,Tableware,Serveware,https://www.jiomart.com/c/groceries/tableware/serveware/30426?flow=schedule
Groceries,Tableware,"Cups, Mugs & More",https://www.jiomart.com/c/groceries/tableware/cups-mugs-more/30423?flow=schedule
Groceries,Tableware,Glassware & Drinkware,https://www.jiomart.com/c/groceries/tableware/glassware-drinkware/30425?flow=schedule
Groceries,Tableware,Cutlery,https://www.jiomart.com/c/groceries/tableware/cutlery/32906?flow=schedule
Groceries,Tableware,Barware,https://www.jiomart.com/c/groceries/tableware/barware/30017?flow=schedule
Groceries,Tableware,Serving Aids,https://www.jiomart.com/c/groceries/tableware/serving-aids/32907?flow=schedule
Groceries,Tableware,Table Accessories,https://www.jiomart.com/c/groceries/tableware/table-accessories/30422?flow=schedule
Groceries,"School, Office & Stationery",Notebooks & Paper Products,https://www.jiomart.com/c/groceries/school-office-stationery/notebooks-paper-products/29999?flow=schedule
Groceries,"School, Office & Stationery",Writing Instruments & Accessories,https://www.jiomart.com/c/groceries/school-office-stationery/writing-instruments-accessories/29986?flow=schedule
Groceries,"School, Office & Stationery",School Supplies,https://www.jiomart.com/c/groceries/school-office-stationery/school-supplies/29992?flow=schedule
Groceries,"School, Office & Stationery",Office Supplies,https://www.jiomart.com/c/groceries/school-office-stationery/office-supplies/29993?flow=schedule
Groceries,"School, Office & Stationery",Party Accessories,https://www.jiomart.com/c/groceries/school-office-stationery/party-accessories/29995?flow=schedule
Groceries,"School, Office & Stationery","Art, Craft & Hobby",https://www.jiomart.com/c/groceries/school-office-stationery/art-craft-hobby/29998?flow=schedule
Groceries,"School, Office & Stationery",Children's Books,https://www.jiomart.com/c/groceries/school-office-stationery/children-s-books/30009?flow=schedule
Groceries,"School, Office & Stationery",School Textbooks,https://www.jiomart.com/c/groceries/school-office-stationery/school-textbooks/30014?flow=schedule
Groceries,Disposables,Food Wrapping Essentials,https://www.jiomart.com/c/groceries/disposables/food-wrapping-essentials/32899?flow=schedule
Groceries,Disposables,Home Hygiene,https://www.jiomart.com/c/groceries/disposables/home-hygiene/32900?flow=schedule
Groceries,Disposables,Plates & Cutlery,https://www.jiomart.com/c/groceries/disposables/plates-cutlery/32901?flow=schedule
Groceries,Disposables,Tissues & Napkins,https://www.jiomart.com/c/groceries/disposables/tissues-napkins/32902?flow=schedule
Groceries,Crafts of India,Kitchenware,https://www.jiomart.com/c/groceries/crafts-of-india/kitchenware/30190?flow=schedule
Groceries,Crafts of India,Bathroom & Laundry Accessories,https://www.jiomart.com/c/groceries/crafts-of-india/bathroom-laundry-accessories/30432?flow=schedule
Groceries,Crafts of India,Tableware,https://www.jiomart.com/c/groceries/crafts-of-india/tableware/30433?flow=schedule
Groceries,Crafts of India,Pooja Needs,https://www.jiomart.com/c/groceries/crafts-of-india/pooja-needs/30434?flow=schedule
Groceries,Crafts of India,"Art, Craft & Hobby",https://www.jiomart.com/c/groceries/crafts-of-india/art-craft-hobby/30400?flow=schedule
Groceries,Crafts of India,Other Stationery,https://www.jiomart.com/c/groceries/crafts-of-india/other-stationery/30435?flow=schedule
Groceries,Crafts of India,Notebooks & Paper Products,https://www.jiomart.com/c/groceries/crafts-of-india/notebooks-paper-products/30436?flow=schedule
Groceries,Gifts & Hampers,Tea Gifts,https://www.jiomart.com/c/groceries/gifts-hampers/tea-gifts/30024?flow=schedule
Groceries,Gifts & Hampers,Chocolate Gifts,https://www.jiomart.com/c/groceries/gifts-hampers/chocolate-gifts/30025?flow=schedule
Groceries,Gifts & Hampers,Gourmet Gifts,https://www.jiomart.com/c/groceries/gifts-hampers/gourmet-gifts/30026?flow=schedule
Groceries,Fashion Jewellery,Imitation Jewellery,https://www.jiomart.com/c/groceries/fashion-jewellery/imitation-jewellery/32802?flow=schedule
Groceries,Fashion Jewellery,Handmade Jewellery,https://www.jiomart.com/c/groceries/fashion-jewellery/handmade-jewellery/32803?flow=schedule
Fashion,Men,Western Wear,https://www.jiomart.com/c/fashion/men/western-wear/504?flow=schedule
Fashion,Men,Inner Wear,https://www.jiomart.com/c/fashion/men/inner-wear/523?flow=schedule
Fashion,Men,Ethnic Wear,https://www.jiomart.com/c/fashion/men/ethnic-wear/534?flow=schedule
Fashion,Men,Footwear,https://www.jiomart.com/c/fashion/men/footwear/1480?flow=schedule
Fashion,Men,Night & Loungewear,https://www.jiomart.com/c/fashion/men/night-loungewear/4058?flow=schedule
Fashion,Men,Clothing Accessories,https://www.jiomart.com/c/fashion/men/clothing-accessories/497?flow=schedule
Fashion,Men,Watches,https://www.jiomart.com/c/fashion/men/watches/4120?flow=schedule
Fashion,Men,Eyewear,https://www.jiomart.com/c/fashion/men/eyewear/2297?flow=schedule
Fashion,Men,"Bags, Belts & Wallets",https://www.jiomart.com/c/fashion/men/bags-belts-wallets/528?flow=schedule
Fashion,Men,Gemstones Coins & Bars,https://www.jiomart.com/c/fashion/men/gemstones-coins-bars/6123?flow=schedule
Fashion,Men,Silver Jewellery,https://www.jiomart.com/c/fashion/men/silver-jewellery/6122?flow=schedule
Fashion,Men,Accessories,https://www.jiomart.com/c/fashion/men/accessories/20648?flow=schedule
Fashion,Men,Watch Accessories,https://www.jiomart.com/c/fashion/men/watch-accessories/4608?flow=schedule
Fashion,Women,Ethnic Wear,https://www.jiomart.com/c/fashion/women/ethnic-wear/494?flow=schedule
Fashion,Women,Western Wear,https://www.jiomart.com/c/fashion/women/western-wear/510?flow=schedule
Fashion,Women,Footwear,https://www.jiomart.com/c/fashion/women/footwear/1483?flow=schedule
Fashion,Women,"Bags, Belts & Wallets",https://www.jiomart.com/c/fashion/women/bags-belts-wallets/544?flow=schedule
Fashion,Women,Watches,https://www.jiomart.com/c/fashion/women/watches/4121?flow=schedule
Fashion,Women,Eyewear,https://www.jiomart.com/c/fashion/women/eyewear/2301?flow=schedule
Fashion,Women,Lingerie & Innerwear,https://www.jiomart.com/c/fashion/women/lingerie-innerwear/537?flow=schedule
Fashion,Women,Night & Lounge Wear,https://www.jiomart.com/c/fashion/women/night-lounge-wear/1414?flow=schedule
Fashion,Women,Night & Loungewear,https://www.jiomart.com/c/fashion/women/night-loungewear/3962?flow=schedule
Fashion,Women,Clothing Accessories,https://www.jiomart.com/c/fashion/women/clothing-accessories/513?flow=schedule
Fashion,Women,Gemstones Coins & Bars,https://www.jiomart.com/c/fashion/women/gemstones-coins-bars/6126?flow=schedule
Fashion,Women,Silver Jewellery,https://www.jiomart.com/c/fashion/women/silver-jewellery/6124?flow=schedule
Fashion,Women,Fusion Wear,https://www.jiomart.com/c/fashion/women/fusion-wear/573?flow=schedule
Fashion,Women,Accessories,https://www.jiomart.com/c/fashion/women/accessories/20649?flow=schedule
Fashion,Women,Fashion Jewellery,https://www.jiomart.com/c/fashion/women/fashion-jewellery/2285?flow=schedule
Fashion,Women,Watch Accessories,https://www.jiomart.com/c/fashion/women/watch-accessories/4609?flow=schedule
Fashion,Women,Precious Articles,https://www.jiomart.com/c/fashion/women/precious-articles/6125?flow=schedule
Fashion,Women,Handloom & Handicraft,https://www.jiomart.com/c/fashion/women/handloom-handicraft/6178?flow=schedule
Fashion,Boys,Western Wear,https://www.jiomart.com/c/fashion/boys/western-wear/500?flow=schedule
Fashion,Boys,Ethnic Wear,https://www.jiomart.com/c/fashion/boys/ethnic-wear/598?flow=schedule
Fashion,Boys,Footwear,https://www.jiomart.com/c/fashion/boys/footwear/1470?flow=schedule
Fashion,Boys,Night & Loungewear,https://www.jiomart.com/c/fashion/boys/night-loungewear/4057?flow=schedule
Fashion,Boys,Inner Wear,https://www.jiomart.com/c/fashion/boys/inner-wear/4056?flow=schedule
Fashion,Boys,Clothing Accessories,https://www.jiomart.com/c/fashion/boys/clothing-accessories/617?flow=schedule
Fashion,Boys,"Bags, Belts & Wallets",https://www.jiomart.com/c/fashion/boys/bags-belts-wallets/2060?flow=schedule
Fashion,Boys,Watches,https://www.jiomart.com/c/fashion/boys/watches/4118?flow=schedule
Fashion,Boys,Eyewear,https://www.jiomart.com/c/fashion/boys/eyewear/4104?flow=schedule
Fashion,Boys,Watch Accessories,https://www.jiomart.com/c/fashion/boys/watch-accessories/4606?flow=schedule
Fashion,Boys,Accessories,https://www.jiomart.com/c/fashion/boys/accessories/20650?flow=schedule
Fashion,Girls,Western Wear,https://www.jiomart.com/c/fashion/girls/western-wear/564?flow=schedule
Fashion,Girls,Ethnic Wear,https://www.jiomart.com/c/fashion/girls/ethnic-wear/594?flow=schedule
Fashion,Girls,Footwear,https://www.jiomart.com/c/fashion/girls/footwear/1472?flow=schedule
Fashion,Girls,Night & Loungewear,https://www.jiomart.com/c/fashion/girls/night-loungewear/1561?flow=schedule
Fashion,Girls,Inner Wear,https://www.jiomart.com/c/fashion/girls/inner-wear/4099?flow=schedule
Fashion,Girls,Clothing Accessories,https://www.jiomart.com/c/fashion/girls/clothing-accessories/619?flow=schedule
Fashion,Girls,"Bags, Belts & Wallets",https://www.jiomart.com/c/fashion/girls/bags-belts-wallets/1432?flow=schedule
Fashion,Girls,Watches,https://www.jiomart.com/c/fashion/girls/watches/4119?flow=schedule
Fashion,Girls,Eyewear,https://www.jiomart.com/c/fashion/girls/eyewear/4105?flow=schedule
Fashion,Girls,Watch Accessories,https://www.jiomart.com/c/fashion/girls/watch-accessories/4607?flow=schedule
Fashion,Girls,Accessories,https://www.jiomart.com/c/fashion/girls/accessories/20651?flow=schedule
Fashion,Infants,Western Wear,https://www.jiomart.com/c/fashion/infants/western-wear/551?flow=schedule
Fashion,Infants,Clothing Accessories,https://www.jiomart.com/c/fashion/infants/clothing-accessories/1652?flow=schedule
Fashion,Infants,Footwear,https://www.jiomart.com/c/fashion/infants/footwear/1474?flow=schedule
Fashion,Crafts of India,Footwear,https://www.jiomart.com/c/fashion/crafts-of-india/footwear/32854?flow=schedule
Fashion,Crafts of India,Women,https://www.jiomart.com/c/fashion/crafts-of-india/women/32855?flow=schedule
Electronics,Mobiles & Tablets,Mobiles,https://www.jiomart.com/c/electronics/mobiles-tablets/mobiles/32118?flow=schedule
Electronics,Mobiles & Tablets,Tablets & eReaders,https://www.jiomart.com/c/electronics/mobiles-tablets/tablets-ereaders/776?flow=schedule
Electronics,Mobiles & Tablets,Charger & Powerbanks,https://www.jiomart.com/c/electronics/mobiles-tablets/charger-powerbanks/32117?flow=schedule
Electronics,Mobiles & Tablets,Accessories,https://www.jiomart.com/c/electronics/mobiles-tablets/accessories/32016?flow=schedule
Electronics,Personal Care & Grooming Appliances,Shavers & Trimmers,https://www.jiomart.com/c/electronics/personal-care-grooming-appliances/shavers-trimmers/32170?flow=schedule
Electronics,Personal Care & Grooming Appliances,Hair Dryers & Stylers,https://www.jiomart.com/c/electronics/personal-care-grooming-appliances/hair-dryers-stylers/32168?flow=schedule
Electronics,Personal Care & Grooming Appliances,Fitness & Massagers,https://www.jiomart.com/c/electronics/personal-care-grooming-appliances/fitness-massagers/32167?flow=schedule
Electronics,Personal Care & Grooming Appliances,Health & Oral Care,https://www.jiomart.com/c/electronics/personal-care-grooming-appliances/health-oral-care/32169?flow=schedule
Electronics,Audio & Smart Home,Headphones & Earbuds,https://www.jiomart.com/c/electronics/audio-smart-home/headphones-earbuds/32120?flow=schedule
Electronics,Audio & Smart Home,Bluetooth & Smart Speakers,https://www.jiomart.com/c/electronics/audio-smart-home/bluetooth-smart-speakers/32121?flow=schedule
Electronics,Audio & Smart Home,Karaoke & Radio,https://www.jiomart.com/c/electronics/audio-smart-home/karaoke-radio/32122?flow=schedule
Electronics,Audio & Smart Home,Smart Home Devices,https://www.jiomart.com/c/electronics/audio-smart-home/smart-home-devices/32702?flow=schedule
Electronics,Computers & Accessories,Laptops & Desktops,https://www.jiomart.com/c/electronics/computers-accessories/laptops-desktops/31996?flow=schedule
Electronics,Computers & Accessories,Printers & Inks,https://www.jiomart.com/c/electronics/computers-accessories/printers-inks/32137?flow=schedule
Electronics,Computers & Accessories,Storage,https://www.jiomart.com/c/electronics/computers-accessories/storage/32138?flow=schedule
Electronics,Computers & Accessories,IT Peripherals & Accessories,https://www.jiomart.com/c/electronics/computers-accessories/it-peripherals-accessories/32127?flow=schedule
Electronics,Kitchen Appliances,Breakfast Appliances,https://www.jiomart.com/c/electronics/kitchen-appliances/breakfast-appliances/32364?flow=schedule
Electronics,Kitchen Appliances,Cooking Appliances,https://www.jiomart.com/c/electronics/kitchen-appliances/cooking-appliances/32366?flow=schedule
Electronics,Kitchen Appliances,Juicers & Mixer Grinders,https://www.jiomart.com/c/electronics/kitchen-appliances/juicers-mixer-grinders/32332?flow=schedule
Electronics,Kitchen Appliances,Juicer Mixer Grinders,https://www.jiomart.com/c/electronics/kitchen-appliances/juicer-mixer-grinders/728?flow=schedule
Electronics,Kitchen Appliances,Chimneys & Hobs,https://www.jiomart.com/c/electronics/kitchen-appliances/chimneys-hobs/32660?flow=schedule
Electronics,TV & Home Entertainment,Televisions,https://www.jiomart.com/c/electronics/tv-home-entertainment/televisions/32152?flow=schedule
Electronics,TV & Home Entertainment,Television Accessories,https://www.jiomart.com/c/electronics/tv-home-entertainment/television-accessories/32151?flow=schedule
Electronics,TV & Home Entertainment,Home Audio,https://www.jiomart.com/c/electronics/tv-home-entertainment/home-audio/32150?flow=schedule
Electronics,TV & Home Entertainment,Gaming,https://www.jiomart.com/c/electronics/tv-home-entertainment/gaming/32149?flow=schedule
Electronics,Home Appliances,Fans & Air Coolers,https://www.jiomart.com/c/electronics/home-appliances/fans-air-coolers/32139?flow=schedule
Electronics,Home Appliances,Water Purifiers,https://www.jiomart.com/c/electronics/home-appliances/water-purifiers/32143?flow=schedule
Electronics,Home Appliances,Geysers & Heaters,https://www.jiomart.com/c/electronics/home-appliances/geysers-heaters/32140?flow=schedule
Electronics,Home Appliances,Vacuum Cleaners,https://www.jiomart.com/c/electronics/home-appliances/vacuum-cleaners/796?flow=schedule
Electronics,Home Appliances,Air Purifiers,https://www.jiomart.com/c/electronics/home-appliances/air-purifiers/821?flow=schedule
Electronics,Home Appliances,Invertors & Stabilizers,https://www.jiomart.com/c/electronics/home-appliances/invertors-stabilizers/32141?flow=schedule
Electronics,Home Appliances,Sewing Machines,https://www.jiomart.com/c/electronics/home-appliances/sewing-machines/809?flow=schedule
Electronics,Wearables & Smart Tech,Smart Watches,https://www.jiomart.com/c/electronics/wearables-smart-tech/smart-watches/32695?flow=schedule
Electronics,Wearables & Smart Tech,Smart Watch Accessories,https://www.jiomart.com/c/electronics/wearables-smart-tech/smart-watch-accessories/32154?flow=schedule
Electronics,Wearables & Smart Tech,Smart Glasses & VR Headset,https://www.jiomart.com/c/electronics/wearables-smart-tech/smart-glasses-vr-headset/32155?flow=schedule
Electronics,Camera & Musical Instruments,Camera,https://www.jiomart.com/c/electronics/camera-musical-instruments/camera/32165?flow=schedule
Electronics,Camera & Musical Instruments,Accessories,https://www.jiomart.com/c/electronics/camera-musical-instruments/accessories/32025?flow=schedule
Electronics,Camera & Musical Instruments,Musical Instruments,https://www.jiomart.com/c/electronics/camera-musical-instruments/musical-instruments/32164?flow=schedule
Electronics,Large Appliances,Air Conditioners,https://www.jiomart.com/c/electronics/large-appliances/air-conditioners/32145?flow=schedule
Electronics,Large Appliances,Refrigerators,https://www.jiomart.com/c/electronics/large-appliances/refrigerators/32527?flow=schedule
Electronics,Large Appliances,Washing Machines,https://www.jiomart.com/c/electronics/large-appliances/washing-machines/32147?flow=schedule
Electronics,Large Appliances,Microwave OTG & Air Fryers,https://www.jiomart.com/c/electronics/large-appliances/microwave-otg-air-fryers/32146?flow=schedule
Precious Jewellery,Fine Jewellery,Silver Jewellery,https://www.jiomart.com/c/jewellery/fine-jewellery/silver-jewellery/1911?flow=schedule
Precious Jewellery,Fine Jewellery,Diamond Jewellery,https://www.jiomart.com/c/jewellery/fine-jewellery/diamond-jewellery/20216?flow=schedule
Home & Lifestyle,Kitchenware,Cookware,https://www.jiomart.com/c/homeandkitchen/kitchenware/cookware/8740?flow=schedule
Home & Lifestyle,Kitchenware,Cookers & Steamers,https://www.jiomart.com/c/homeandkitchen/kitchenware/cookers-steamers/33025?flow=schedule
Home & Lifestyle,Kitchenware,Gas Stove,https://www.jiomart.com/c/homeandkitchen/kitchenware/gas-stove/8742?flow=schedule
Home & Lifestyle,Kitchenware,Pots & Pans,https://www.jiomart.com/c/homeandkitchen/kitchenware/pots-pans/33028?flow=schedule
Home & Lifestyle,Kitchenware,Containers & Storage,https://www.jiomart.com/c/homeandkitchen/kitchenware/containers-storage/8739?flow=schedule
Home & Lifestyle,Kitchenware,"Flask, Bottle & Tiffin Boxes",https://www.jiomart.com/c/homeandkitchen/kitchenware/flask-bottle-tiffin-boxes/33027?flow=schedule
Home & Lifestyle,Kitchenware,Cutting & Chopping,https://www.jiomart.com/c/homeandkitchen/kitchenware/cutting-chopping/33026?flow=schedule
Home & Lifestyle,Kitchenware,Kitchen Tools,https://www.jiomart.com/c/homeandkitchen/kitchenware/kitchen-tools/8743?flow=schedule
Home & Lifestyle,Kitchenware,Bakeware,https://www.jiomart.com/c/homeandkitchen/kitchenware/bakeware/8738?flow=schedule
Home & Lifestyle,Home Furnishing,Bedding,https://www.jiomart.com/c/homeandkitchen/home-furnishing/bedding/31421?flow=schedule
Home & Lifestyle,Home Furnishing,Curtains & Accessories,https://www.jiomart.com/c/homeandkitchen/home-furnishing/curtains-accessories/31415?flow=schedule
Home & Lifestyle,Home Furnishing,Bathroom Linen,https://www.jiomart.com/c/homeandkitchen/home-furnishing/bathroom-linen/31431?flow=schedule
Home & Lifestyle,Home Furnishing,Kitchen Linens,https://www.jiomart.com/c/homeandkitchen/home-furnishing/kitchen-linens/31377?flow=schedule
Home & Lifestyle,Home Furnishing,Cushions & Cushion Covers,https://www.jiomart.com/c/homeandkitchen/home-furnishing/cushions-cushion-covers/31417?flow=schedule
Home & Lifestyle,Home Furnishing,Slipcovers & Diwan Set,https://www.jiomart.com/c/homeandkitchen/home-furnishing/slipcovers-diwan-set/31386?flow=schedule
Home & Lifestyle,Sports & Fitness,Outdoor,https://www.jiomart.com/c/homeandkitchen/sports-fitness/outdoor/31664?flow=schedule
Home & Lifestyle,Sports & Fitness,Indoor,https://www.jiomart.com/c/homeandkitchen/sports-fitness/indoor/31668?flow=schedule
Home & Lifestyle,Bags & Travel Luggage,Trolleys & Suitcases,https://www.jiomart.com/c/homeandkitchen/bags-travel-luggage/trolleys-suitcases/31900?flow=schedule
Home & Lifestyle,Bags & Travel Luggage,Backpacks & Travel Luggage,https://www.jiomart.com/c/homeandkitchen/bags-travel-luggage/backpacks-travel-luggage/31882?flow=schedule
Home & Lifestyle,Bags & Travel Luggage,Travel Accessories,https://www.jiomart.com/c/homeandkitchen/bags-travel-luggage/travel-accessories/31483?flow=schedule
Home & Lifestyle,Bags & Travel Luggage,Shopping & Other Bags,https://www.jiomart.com/c/homeandkitchen/bags-travel-luggage/shopping-other-bags/31523?flow=schedule
Home & Lifestyle,Bathroom & Laundry Accessories,Laundry Essentials,https://www.jiomart.com/c/homeandkitchen/bathroom-laundry-accessories/laundry-essentials/8659?flow=schedule
Home & Lifestyle,Bathroom & Laundry Accessories,"Buckets, Mugs,Tubs & Stool",https://www.jiomart.com/c/homeandkitchen/bathroom-laundry-accessories/buckets-mugs-tubs-stool/8657?flow=schedule
Home & Lifestyle,Bathroom & Laundry Accessories,Bathroom Accessories,https://www.jiomart.com/c/homeandkitchen/bathroom-laundry-accessories/bathroom-accessories/8656?flow=schedule
Home & Lifestyle,Bathroom & Laundry Accessories,"Hooks, Clips & Hangers",https://www.jiomart.com/c/homeandkitchen/bathroom-laundry-accessories/hooks-clips-hangers/8658?flow=schedule
Home & Lifestyle,Home Decor,Lights,https://www.jiomart.com/c/homeandkitchen/home-decor/lights/31451?flow=schedule
Home & Lifestyle,Home Decor,Home Decor Accents,https://www.jiomart.com/c/homeandkitchen/home-decor/home-decor-accents/8730?flow=schedule
Home & Lifestyle,Home Decor,Home Fragrances,https://www.jiomart.com/c/homeandkitchen/home-decor/home-fragrances/8731?flow=schedule
Home & Lifestyle,Home Decor,Artificial Flora & Vases,https://www.jiomart.com/c/homeandkitchen/home-decor/artificial-flora-vases/8723?flow=schedule
Home & Lifestyle,Home Decor,Decorative Stickers,https://www.jiomart.com/c/homeandkitchen/home-decor/decorative-stickers/8728?flow=schedule
Home & Lifestyle,Home Decor,Festive Decor and Gifting,https://www.jiomart.com/c/homeandkitchen/home-decor/festive-decor-and-gifting/8729?flow=schedule
Home & Lifestyle,Home Decor,Artwork,https://www.jiomart.com/c/homeandkitchen/home-decor/artwork/8724?flow=schedule
Home & Lifestyle,Home Decor,Wind Chimes & Dream Catchers,https://www.jiomart.com/c/homeandkitchen/home-decor/wind-chimes-dream-catchers/8736?flow=schedule
Home & Lifestyle,Home Decor,Photo Frames,https://www.jiomart.com/c/homeandkitchen/home-decor/photo-frames/8734?flow=schedule
Home & Lifestyle,Home Decor,Candle Holders,https://www.jiomart.com/c/homeandkitchen/home-decor/candle-holders/8725?flow=schedule
Home & Lifestyle,Home Decor,Mirrors,https://www.jiomart.com/c/homeandkitchen/home-decor/mirrors/8733?flow=schedule
Home & Lifestyle,Home Decor,Clocks & Wall Decor,https://www.jiomart.com/c/homeandkitchen/home-decor/clocks-wall-decor/31429?flow=schedule
Home & Lifestyle,Prayer & Spiritual Needs,Lamp Oil,https://www.jiomart.com/c/homeandkitchen/prayer-spiritual-needs/lamp-oil/8754?flow=schedule
Home & Lifestyle,Prayer & Spiritual Needs,Agarbatti,https://www.jiomart.com/c/homeandkitchen/prayer-spiritual-needs/agarbatti/8747?flow=schedule
Home & Lifestyle,Prayer & Spiritual Needs,Camphor,https://www.jiomart.com/c/homeandkitchen/prayer-spiritual-needs/camphor/8748?flow=schedule
Home & Lifestyle,Prayer & Spiritual Needs,Dhoop,https://www.jiomart.com/c/homeandkitchen/prayer-spiritual-needs/dhoop/8750?flow=schedule
Home & Lifestyle,Prayer & Spiritual Needs,Prayer Implements,https://www.jiomart.com/c/homeandkitchen/prayer-spiritual-needs/prayer-implements/8816?flow=schedule
Home & Lifestyle,Prayer & Spiritual Needs,Lanterns,https://www.jiomart.com/c/homeandkitchen/prayer-spiritual-needs/lanterns/8755?flow=schedule
Home & Lifestyle,Prayer & Spiritual Needs,Feng Shui,https://www.jiomart.com/c/homeandkitchen/prayer-spiritual-needs/feng-shui/8752?flow=schedule
Home & Lifestyle,Tableware,Dining,https://www.jiomart.com/c/homeandkitchen/tableware/dining/33031?flow=schedule
Home & Lifestyle,Tableware,Serveware,https://www.jiomart.com/c/homeandkitchen/tableware/serveware/8842?flow=schedule
Home & Lifestyle,Tableware,"Cups, Mugs & more",https://www.jiomart.com/c/homeandkitchen/tableware/cups-mugs-more/8838?flow=schedule
Home & Lifestyle,Tableware,Glassware & Drinkware,https://www.jiomart.com/c/homeandkitchen/tableware/glassware-drinkware/8840?flow=schedule
Home & Lifestyle,Tableware,Cutlery,https://www.jiomart.com/c/homeandkitchen/tableware/cutlery/33029?flow=schedule
Home & Lifestyle,Tableware,Barware,https://www.jiomart.com/c/homeandkitchen/tableware/barware/8837?flow=schedule
Home & Lifestyle,Tableware,Serving Aids,https://www.jiomart.com/c/homeandkitchen/tableware/serving-aids/33030?flow=schedule
Home & Lifestyle,Tableware,Table Accessories,https://www.jiomart.com/c/homeandkitchen/tableware/table-accessories/8843?flow=schedule
Home & Lifestyle,Furniture,Seating,https://www.jiomart.com/c/homeandkitchen/furniture/seating/8712?flow=schedule
Home & Lifestyle,Furniture,Mattress,https://www.jiomart.com/c/homeandkitchen/furniture/mattress/8689?flow=schedule
Home & Lifestyle,Furniture,Storage & Cabinets,https://www.jiomart.com/c/homeandkitchen/furniture/storage-cabinets/8714?flow=schedule
Home & Lifestyle,Furniture,Tables,https://www.jiomart.com/c/homeandkitchen/furniture/tables/8715?flow=schedule
Home & Lifestyle,Furniture,Outdoor Furniture,https://www.jiomart.com/c/homeandkitchen/furniture/outdoor-furniture/8693?flow=schedule
Home & Lifestyle,Furniture,Kids Furniture,https://www.jiomart.com/c/homeandkitchen/furniture/kids-furniture/8688?flow=schedule
Home & Lifestyle,Furniture,Living & Dining,https://www.jiomart.com/c/homeandkitchen/furniture/living-dining/31390?flow=schedule
Home & Lifestyle,Furniture,Healthcare Furniture,https://www.jiomart.com/c/homeandkitchen/furniture/healthcare-furniture/8685?flow=schedule
Home & Lifestyle,Furniture,Sofas & Couches,https://www.jiomart.com/c/homeandkitchen/furniture/sofas-couches/8713?flow=schedule
Home & Lifestyle,Furniture,Dining Furniture,https://www.jiomart.com/c/homeandkitchen/furniture/dining-furniture/8683?flow=schedule
Home & Lifestyle,Furniture,Beds,https://www.jiomart.com/c/homeandkitchen/furniture/beds/8682?flow=schedule
Home & Lifestyle,Furniture,Bedroom & Others,https://www.jiomart.com/c/homeandkitchen/furniture/bedroom-others/31388?flow=schedule
Home & Lifestyle,Furniture,Bar Furniture,https://www.jiomart.com/c/homeandkitchen/furniture/bar-furniture/8681?flow=schedule
Home & Lifestyle,Furniture,Others,https://www.jiomart.com/c/homeandkitchen/furniture/others/31163?flow=schedule
Home & Lifestyle,Toys & Games,Toy Vehicles & Ride-Ons,https://www.jiomart.com/c/homeandkitchen/toys-games/toy-vehicles-ride-ons/31514?flow=schedule
Home & Lifestyle,Toys & Games,Indoor & Board Games,https://www.jiomart.com/c/homeandkitchen/toys-games/indoor-board-games/31516?flow=schedule
Home & Lifestyle,Toys & Games,Learning & Education,https://www.jiomart.com/c/homeandkitchen/toys-games/learning-education/31537?flow=schedule
Home & Lifestyle,Toys & Games,Outdoor Games,https://www.jiomart.com/c/homeandkitchen/toys-games/outdoor-games/31584?flow=schedule
Home & Lifestyle,DIY,Auto Care,https://www.jiomart.com/c/homeandkitchen/diy/auto-care/31173?flow=schedule
Home & Lifestyle,Garden & Outdoor,Gardening,https://www.jiomart.com/c/homeandkitchen/garden-outdoor/gardening/8718?flow=schedule
Home & Lifestyle,Garden & Outdoor,Insect & Animal Control,https://www.jiomart.com/c/homeandkitchen/garden-outdoor/insect-animal-control/8719?flow=schedule
Home & Lifestyle,Garden & Outdoor,Barbeque,https://www.jiomart.com/c/homeandkitchen/garden-outdoor/barbeque/8717?flow=schedule
Home & Lifestyle,Garden & Outdoor,Outdoor Decor,https://www.jiomart.com/c/homeandkitchen/garden-outdoor/outdoor-decor/8720?flow=schedule
Home & Lifestyle,Home Care,Clothesline & Clips,https://www.jiomart.com/c/homeandkitchen/home-care/clothesline-clips/31350?flow=schedule
Home & Lifestyle,Home Care,Invertor Trolley,https://www.jiomart.com/c/homeandkitchen/home-care/invertor-trolley/31355?flow=schedule
Home & Lifestyle,Home Care,Storage & Organisers,https://www.jiomart.com/c/homeandkitchen/home-care/storage-organisers/31138?flow=schedule
Home & Lifestyle,Crafts of India,Home Decor,https://www.jiomart.com/c/homeandkitchen/crafts-of-india/home-decor/31489?flow=schedule
Home & Lifestyle,Crafts of India,Indoor & Board Games,https://www.jiomart.com/c/homeandkitchen/crafts-of-india/indoor-board-games/31506?flow=schedule
Home & Lifestyle,Crafts of India,Furnishing,https://www.jiomart.com/c/homeandkitchen/crafts-of-india/furnishing/31493?flow=schedule
Home & Lifestyle,Crafts of India,Home Furnishing,https://www.jiomart.com/c/homeandkitchen/crafts-of-india/home-furnishing/31495?flow=schedule
Home & Lifestyle,Crafts of India,Furniture,https://www.jiomart.com/c/homeandkitchen/crafts-of-india/furniture/31504?flow=schedule
Home & Lifestyle,Books,Literature & Fiction,https://www.jiomart.com/c/homeandkitchen/books/literature-fiction/31184?flow=schedule
Home & Lifestyle,Books,Professional,https://www.jiomart.com/c/homeandkitchen/books/professional/31180?flow=schedule
Home & Lifestyle,Books,Non Fiction Books,https://www.jiomart.com/c/homeandkitchen/books/non-fiction-books/31182?flow=schedule
Home & Lifestyle,Books,Specialised,https://www.jiomart.com/c/homeandkitchen/books/specialised/31187?flow=schedule
Home & Lifestyle,Handloom & Handicraft,Home Furnishing,https://www.jiomart.com/c/homeandkitchen/handloom-handicraft/home-furnishing/31986?flow=schedule
Home & Lifestyle,Handloom & Handicraft,Pooja Needs,https://www.jiomart.com/c/homeandkitchen/handloom-handicraft/pooja-needs/31988?flow=schedule
Home & Lifestyle,Pet Care,Birds,https://www.jiomart.com/c/homeandkitchen/pet-care/birds/31990?flow=schedule
Home & Lifestyle,Pet Care,Cats,https://www.jiomart.com/c/homeandkitchen/pet-care/cats/31991?flow=schedule
Home & Lifestyle,Pet Care,Dogs,https://www.jiomart.com/c/homeandkitchen/pet-care/dogs/31992?flow=schedule
Home & Lifestyle,Pet Care,Others,https://www.jiomart.com/c/homeandkitchen/pet-care/others/31993?flow=schedule
Industrial & Professional Supplies,Auto Care,Car Electronics,https://www.jiomart.com/c/homeimprovement/auto-care/car-electronics/8850?flow=schedule
Industrial & Professional Supplies,Auto Care,Car & Bike Parts,https://www.jiomart.com/c/homeimprovement/auto-care/car-bike-parts/8847?flow=schedule
Industrial & Professional Supplies,Industrial Supplies,Power & Hand Tools,https://www.jiomart.com/c/homeimprovement/industrial-supplies/power-hand-tools/30784?flow=schedule
Industrial & Professional Supplies,Industrial Supplies,"Medical Equipment, Furniture & Supplies",https://www.jiomart.com/c/homeimprovement/industrial-supplies/medical-equipment-furniture-supplies/30793?flow=schedule
Industrial & Professional Supplies,Industrial Supplies,Material Handling & Storage,https://www.jiomart.com/c/homeimprovement/industrial-supplies/material-handling-storage/30779?flow=schedule
Industrial & Professional Supplies,Industrial Supplies,"Test, Measure & Inspect",https://www.jiomart.com/c/homeimprovement/industrial-supplies/test-measure-inspect/30933?flow=schedule
Industrial & Professional Supplies,Industrial Supplies,Lab & Scientific Products,https://www.jiomart.com/c/homeimprovement/industrial-supplies/lab-scientific-products/30774?flow=schedule
Industrial & Professional Supplies,Industrial Supplies,Mechanical Supplies,https://www.jiomart.com/c/homeimprovement/industrial-supplies/mechanical-supplies/30948?flow=schedule
Industrial & Professional Supplies,Industrial Supplies,Retail Shop Display & Supplies,https://www.jiomart.com/c/homeimprovement/industrial-supplies/retail-shop-display-supplies/30802?flow=schedule
Industrial & Professional Supplies,Industrial Supplies,Industrial Chemicals,https://www.jiomart.com/c/homeimprovement/industrial-supplies/industrial-chemicals/30914?flow=schedule
Industrial & Professional Supplies,Home Cleaning & Organisation,Cleaning Tools,https://www.jiomart.com/c/homeimprovement/home-cleaning-organisation/cleaning-tools/9071?flow=schedule
Industrial & Professional Supplies,Home Cleaning & Organisation,Closet Organization Systems,https://www.jiomart.com/c/homeimprovement/home-cleaning-organisation/closet-organization-systems/9072?flow=schedule
Industrial & Professional Supplies,Home Cleaning & Organisation,Hooks,https://www.jiomart.com/c/homeimprovement/home-cleaning-organisation/hooks/9074?flow=schedule
Industrial & Professional Supplies,Home Cleaning & Organisation,Key Holders,https://www.jiomart.com/c/homeimprovement/home-cleaning-organisation/key-holders/9162?flow=schedule
Industrial & Professional Supplies,Building Supplies & Tools,Kitchen Fixtures,https://www.jiomart.com/c/homeimprovement/building-supplies-tools/kitchen-fixtures/30786?flow=schedule
Industrial & Professional Supplies,Building Supplies & Tools,Bathroom Fixtures & Accessories,https://www.jiomart.com/c/homeimprovement/building-supplies-tools/bathroom-fixtures-accessories/30758?flow=schedule
Industrial & Professional Supplies,Building Supplies & Tools,Water Filtration & Softeners,https://www.jiomart.com/c/homeimprovement/building-supplies-tools/water-filtration-softeners/30929?flow=schedule
Industrial & Professional Supplies,Building Supplies & Tools,Tiles & Flooring,https://www.jiomart.com/c/homeimprovement/building-supplies-tools/tiles-flooring/30937?flow=schedule
Industrial & Professional Supplies,Building Supplies & Tools,Gating & Railing,https://www.jiomart.com/c/homeimprovement/building-supplies-tools/gating-railing/30814?flow=schedule
Industrial & Professional Supplies,Electrical & Electronic Components,"Wires, Cables & Wall Plates",https://www.jiomart.com/c/homeimprovement/electrical-electronic-components/wires-cables-wall-plates/30782?flow=schedule
Industrial & Professional Supplies,Electrical & Electronic Components,Door Bells & Transformers,https://www.jiomart.com/c/homeimprovement/electrical-electronic-components/door-bells-transformers/30962?flow=schedule
Industrial & Professional Supplies,Electrical & Electronic Components,"Breakers, Load Centers & Fuses",https://www.jiomart.com/c/homeimprovement/electrical-electronic-components/breakers-load-centers-fuses/30907?flow=schedule
Industrial & Professional Supplies,Electrical & Electronic Components,Robotics & Electronic Components,https://www.jiomart.com/c/homeimprovement/electrical-electronic-components/robotics-electronic-components/30795?flow=schedule
Industrial & Professional Supplies,Carpentry,Furniture & Wood Treatment,https://www.jiomart.com/c/homeimprovement/carpentry/furniture-wood-treatment/9040?flow=schedule
Industrial & Professional Supplies,Carpentry,Doors & Windows,https://www.jiomart.com/c/homeimprovement/carpentry/doors-windows/30765?flow=schedule
Industrial & Professional Supplies,Carpentry,Carpentry Adhesives,https://www.jiomart.com/c/homeimprovement/carpentry/carpentry-adhesives/9036?flow=schedule
Industrial & Professional Supplies,Carpentry,"Brackets, Nails, Planers & Blades",https://www.jiomart.com/c/homeimprovement/carpentry/brackets-nails-planers-blades/30909?flow=schedule
Industrial & Professional Supplies,"Security, Safety & Automation",Home Safety & Automation,https://www.jiomart.com/c/homeimprovement/security-safety-automation/home-safety-automation/31997?flow=schedule
Industrial & Professional Supplies,"Security, Safety & Automation",Security & Safety Products,https://www.jiomart.com/c/homeimprovement/security-safety-automation/security-safety-products/30945?flow=schedule
Industrial & Professional Supplies,"Security, Safety & Automation",Personal Protective Equipment,https://www.jiomart.com/c/homeimprovement/security-safety-automation/personal-protective-equipment/30761?flow=schedule
Industrial & Professional Supplies,Electrical,Mosquito Bat,https://www.jiomart.com/c/homeimprovement/electrical/mosquito-bat/9053?flow=schedule
Industrial & Professional Supplies,Hardware & Plumbing,Shelf Brackets,https://www.jiomart.com/c/homeimprovement/hardware-plumbing/shelf-brackets/9066?flow=schedule
"Sports, Toys & Luggage",Toys & Games,"Bikes, Trikes & Ride-Ons",https://www.jiomart.com/c/sportstoysluggage/toys-games/bikes-trikes-ride-ons/8852?flow=schedule
"Sports, Toys & Luggage",Toys & Games,Remote & App-Controlled Toys,https://www.jiomart.com/c/sportstoysluggage/toys-games/remote-app-controlled-toys/9019?flow=schedule
"Sports, Toys & Luggage",Toys & Games,Toy Vehicles,https://www.jiomart.com/c/sportstoysluggage/toys-games/toy-vehicles/9032?flow=schedule
Crafts of India,Fashion Accessories,Clothing Accessories,https://www.jiomart.com/c/craftsofindia/fashion-accessories/clothing-accessories/12900?flow=schedule
Furniture,Bedroom,Bedroom Storages,https://www.jiomart.com/c/furniture/bedroom/bedroom-storages/13416?flow=schedule
Furniture,Bedroom,Beds,https://www.jiomart.com/c/furniture/bedroom/beds/13417?flow=schedule
Furniture,Bedroom,Chest of Drawers,https://www.jiomart.com/c/furniture/bedroom/chest-of-drawers/13419?flow=schedule
Furniture,Bedroom,Mattresses,https://www.jiomart.com/c/furniture/bedroom/mattresses/13421?flow=schedule
Furniture,Dining Room & Bar,Dining Chairs,https://www.jiomart.com/c/furniture/dining-room-bar/dining-chairs/13425?flow=schedule
Furniture,Dining Room & Bar,Dining Storage,https://www.jiomart.com/c/furniture/dining-room-bar/dining-storage/13426?flow=schedule
Furniture,Dining Room & Bar,Dining Tables & Sets,https://www.jiomart.com/c/furniture/dining-room-bar/dining-tables-sets/13427?flow=schedule
Furniture,Kids Room,Kids Seating,https://www.jiomart.com/c/furniture/kids-room/kids-seating/13434?flow=schedule
Furniture,Kids Room,Kids Storages,https://www.jiomart.com/c/furniture/kids-room/kids-storages/13435?flow=schedule
Furniture,Kids Room,Kids Tables,https://www.jiomart.com/c/furniture/kids-room/kids-tables/13436?flow=schedule
Furniture,Living Room,Bean Bags,https://www.jiomart.com/c/furniture/living-room/bean-bags/13438?flow=schedule
Furniture,Living Room,Entertainment Unit,https://www.jiomart.com/c/furniture/living-room/entertainment-unit/13440?flow=schedule
Furniture,Living Room,Seating,https://www.jiomart.com/c/furniture/living-room/seating/13442?flow=schedule
Furniture,Living Room,Shoe Racks,https://www.jiomart.com/c/furniture/living-room/shoe-racks/13443?flow=schedule
Furniture,Living Room,Sofas,https://www.jiomart.com/c/furniture/living-room/sofas/13444?flow=schedule
Furniture,Living Room,Storages,https://www.jiomart.com/c/furniture/living-room/storages/13445?flow=schedule
Furniture,Living Room,Tables,https://www.jiomart.com/c/furniture/living-room/tables/13446?flow=schedule
Furniture,Outdoor Furniture,Outdoor Seating,https://www.jiomart.com/c/furniture/outdoor-furniture/outdoor-seating/13448?flow=schedule
Furniture,Outdoor Furniture,Outdoor Tables & Sets,https://www.jiomart.com/c/furniture/outdoor-furniture/outdoor-tables-sets/13449?flow=schedule
Furniture,Outdoor Furniture,Swings & Hammocks,https://www.jiomart.com/c/furniture/outdoor-furniture/swings-hammocks/13451?flow=schedule
Furniture,Work & Study,Chairs,https://www.jiomart.com/c/furniture/work-study/chairs/13453?flow=schedule
Furniture,Work & Study,Storages,https://www.jiomart.com/c/furniture/work-study/storages/13455?flow=schedule
Furniture,Work & Study,Tables,https://www.jiomart.com/c/furniture/work-study/tables/13456?flow=schedule
"Books, Music & Stationery",Exam Central,Government Exams,https://www.jiomart.com/c/books/exam-central/government-exams/13828?flow=schedule
"Books, Music & Stationery",Textbooks,Higher Education Textbooks,https://www.jiomart.com/c/books/textbooks/higher-education-textbooks/13869?flow=schedule
